{
	"format_version": "1.12.0",
	"minecraft:geometry": [
		{
			"description": {
				"identifier": "geometry.base",
				"texture_width": 48,
				"texture_height": 32,
				"visible_bounds_width": 2,
				"visible_bounds_height": 3.5,
				"visible_bounds_offset": [0, 1.25, 0]
			},
			"bones": [
				{
					"name": "bipedHead",
					"pivot": [0, 24, 0]
				},
				{
					"name": "bone",
					"parent": "bipedHead",
					"pivot": [0, 24, 0],
					"cubes": [
						{"origin": [1, 32, 1], "size": [2, 3, 1], "uv": [31, 17]},
						{"origin": [-3, 32, 1], "size": [2, 3, 1], "uv": [31, 17], "mirror": true}
					]
				},
				{
					"name": "bipedBody",
					"pivot": [0, 24, 0]
				},
				{
					"name": "tails",
					"parent": "bipedBody",
					"pivot": [0, 24, -1]
				},
				{
					"name": "tail_0",
					"parent": "tails",
					"pivot": [0, 13.5, -2],
					"cubes": [
						{
							"origin": [0, 7, -7],
							"size": [4, 9, 5],
							"inflate": -0.5,
							"pivot": [1, 11.5, -6.5],
							"rotation": [90, 180, 0],
							"uv": {
								"north": {"uv": [35, 5], "uv_size": [4, 9]},
								"east": {"uv": [30, 5], "uv_size": [5, 9]},
								"south": {"uv": [44, 5], "uv_size": [4, 9]},
								"west": {"uv": [39, 5], "uv_size": [5, 9]},
								"up": {"uv": [35, 0], "uv_size": [4, 5]},
								"down": {"uv": [39, 5], "uv_size": [4, -5]}
							}
						}
					]
				},
				{
					"name": "tail_1",
					"parent": "tails",
					"pivot": [-1, 24, -1],
					"rotation": [0, 30, 0],
					"cubes": [
						{
							"origin": [-1, 7, -7],
							"size": [4, 9, 5],
							"inflate": -0.5,
							"pivot": [0, 11.5, -6.5],
							"rotation": [90, 180, 0],
							"uv": {
								"north": {"uv": [35, 5], "uv_size": [4, 9]},
								"east": {"uv": [30, 5], "uv_size": [5, 9]},
								"south": {"uv": [44, 5], "uv_size": [4, 9]},
								"west": {"uv": [39, 5], "uv_size": [5, 9]},
								"up": {"uv": [35, 0], "uv_size": [4, 5]},
								"down": {"uv": [39, 5], "uv_size": [4, -5]}
							}
						}
					]
				},
				{
					"name": "tail_2",
					"parent": "tails",
					"pivot": [1, 24, -1],
					"rotation": [0, -30, 0],
					"cubes": [
						{
							"origin": [1, 7, -7],
							"size": [4, 9, 5],
							"inflate": -0.5,
							"pivot": [2, 11.5, -6.5],
							"rotation": [90, 180, 0],
							"uv": {
								"north": {"uv": [35, 5], "uv_size": [4, 9]},
								"east": {"uv": [30, 5], "uv_size": [5, 9]},
								"south": {"uv": [44, 5], "uv_size": [4, 9]},
								"west": {"uv": [39, 5], "uv_size": [5, 9]},
								"up": {"uv": [35, 0], "uv_size": [4, 5]},
								"down": {"uv": [39, 5], "uv_size": [4, -5]}
							}
						}
					]
				},
				{
					"name": "tail_3",
					"parent": "tails",
					"pivot": [0, 11.5, -2],
					"rotation": [30, 0, 0],
					"cubes": [
						{
							"origin": [0, 5, -7],
							"size": [4, 9, 5],
							"inflate": -0.5,
							"pivot": [1, 9.5, -6.5],
							"rotation": [90, 180, 0],
							"uv": {
								"north": {"uv": [35, 5], "uv_size": [4, 9]},
								"east": {"uv": [30, 5], "uv_size": [5, 9]},
								"south": {"uv": [44, 5], "uv_size": [4, 9]},
								"west": {"uv": [39, 5], "uv_size": [5, 9]},
								"up": {"uv": [35, 0], "uv_size": [4, 5]},
								"down": {"uv": [39, 5], "uv_size": [4, -5]}
							}
						}
					]
				},
				{
					"name": "tail_4",
					"parent": "tails",
					"pivot": [0, 13.5, -2],
					"rotation": [-30, 0, 0],
					"cubes": [
						{
							"origin": [0, 7, -5],
							"size": [4, 9, 5],
							"inflate": -0.5,
							"pivot": [1, 11.5, -6.5],
							"rotation": [90, 180, 0],
							"uv": {
								"north": {"uv": [35, 5], "uv_size": [4, 9]},
								"east": {"uv": [30, 5], "uv_size": [5, 9]},
								"south": {"uv": [44, 5], "uv_size": [4, 9]},
								"west": {"uv": [39, 5], "uv_size": [5, 9]},
								"up": {"uv": [35, 0], "uv_size": [4, 5]},
								"down": {"uv": [39, 5], "uv_size": [4, -5]}
							}
						}
					]
				},
				{
					"name": "tail_5",
					"parent": "tails",
					"pivot": [2, 13.5, -3],
					"rotation": [-30, -30, 0],
					"cubes": [
						{
							"origin": [2, 7, -6],
							"size": [4, 9, 5],
							"inflate": -0.5,
							"pivot": [3, 11.5, -7.5],
							"rotation": [90, 180, 0],
							"uv": {
								"north": {"uv": [35, 5], "uv_size": [4, 9]},
								"east": {"uv": [30, 5], "uv_size": [5, 9]},
								"south": {"uv": [44, 5], "uv_size": [4, 9]},
								"west": {"uv": [39, 5], "uv_size": [5, 9]},
								"up": {"uv": [35, 0], "uv_size": [4, 5]},
								"down": {"uv": [39, 5], "uv_size": [4, -5]}
							}
						}
					]
				},
				{
					"name": "tail_6",
					"parent": "tails",
					"pivot": [-2, 13.5, -3],
					"rotation": [-30, 30, 0],
					"cubes": [
						{
							"origin": [-2, 7, -6],
							"size": [4, 9, 5],
							"inflate": -0.5,
							"pivot": [-1, 11.5, -7.5],
							"rotation": [90, 180, 0],
							"uv": {
								"north": {"uv": [35, 5], "uv_size": [4, 9]},
								"east": {"uv": [30, 5], "uv_size": [5, 9]},
								"south": {"uv": [44, 5], "uv_size": [4, 9]},
								"west": {"uv": [39, 5], "uv_size": [5, 9]},
								"up": {"uv": [35, 0], "uv_size": [4, 5]},
								"down": {"uv": [39, 5], "uv_size": [4, -5]}
							}
						}
					]
				},
				{
					"name": "tail_7",
					"parent": "tails",
					"pivot": [-2, 13.5, -3],
					"rotation": [30, 30, 0],
					"cubes": [
						{
							"origin": [-2, 7, -10],
							"size": [4, 9, 5],
							"inflate": -0.5,
							"pivot": [-1, 11.5, -7.5],
							"rotation": [90, 180, 0],
							"uv": {
								"north": {"uv": [35, 5], "uv_size": [4, 9]},
								"east": {"uv": [30, 5], "uv_size": [5, 9]},
								"south": {"uv": [44, 5], "uv_size": [4, 9]},
								"west": {"uv": [39, 5], "uv_size": [5, 9]},
								"up": {"uv": [35, 0], "uv_size": [4, 5]},
								"down": {"uv": [39, 5], "uv_size": [4, -5]}
							}
						}
					]
				},
				{
					"name": "tail_8",
					"parent": "tails",
					"pivot": [2, 13.5, -3],
					"rotation": [30, -30, 0],
					"cubes": [
						{
							"origin": [2, 7, -10],
							"size": [4, 9, 5],
							"inflate": -0.5,
							"pivot": [3, 11.5, -7.5],
							"rotation": [90, 180, 0],
							"uv": {
								"north": {"uv": [35, 5], "uv_size": [4, 9]},
								"east": {"uv": [30, 5], "uv_size": [5, 9]},
								"south": {"uv": [44, 5], "uv_size": [4, 9]},
								"west": {"uv": [39, 5], "uv_size": [5, 9]},
								"up": {"uv": [35, 0], "uv_size": [4, 5]},
								"down": {"uv": [39, 5], "uv_size": [4, -5]}
							}
						}
					]
				},
				{
					"name": "bipedRightArm",
					"pivot": [5, 22, 0]
				},
				{
					"name": "bipedLeftArm",
					"pivot": [-5, 22, 0]
				},
				{
					"name": "bipedLeftLeg",
					"pivot": [-2, 12, 0]
				},
				{
					"name": "bipedRightLeg",
					"pivot": [2, 12, 0]
				}
			]
		}
	]
}